Date,Close,Open,High,Low
2016/11/2,0.742764452,0.741390837,0.746090047,0.740306403
2016/11/3,0.742040858,0.742618997,0.745798759,0.74037871
2016/11/4,0.745275522,0.741449894,0.74606952,0.739789717
2016/11/5,0,0,0,0
2016/11/6,0,0,0,0
2016/11/7,0.742830666,0.7465213,0.7465213,0.7389953
2016/11/8,0.741030298,0.744218772,0.744943425,0.740015784
2016/11/9,0.736057306,0.741056612,0.758807773,0.735260315
2016/11/10,0.73852784,0.740495887,0.742391043,0.736341121
2016/11/11,0.735411087,0.736937742,0.740281841,0.735047598
2016/11/12,0,0,0,0
2016/11/13,0,0,0,0
2016/11/14,0.732870023,0.740257974,0.740331122,0.730895027
2016/11/15,0.731271767,0.733982352,0.737865081,0.730099623
2016/11/16,0.73329178,0.733218312,0.736010125,0.730206092
2016/11/17,0.728832826,0.732503048,0.734778587,0.727878568
2016/11/18,0.72987581,0.732456179,0.733340877,0.728327589
2016/11/19,0,0,0,0
2016/11/20,0,0,0,0
2016/11/21,0.730625084,0.729593232,0.731878048,0.728413972
2016/11/22,0.729119072,0.731109992,0.732437271,0.727349365
2016/11/23,0.725840937,0.729973839,0.731745083,0.724069693
2016/11/24,0.727699299,0.72792134,0.729623647,0.725848966
2016/11/25,0.729177735,0.726665113,0.732059861,0.725261001
2016/11/26,0,0,0,0
2016/11/27,0,0,0,0
2016/11/28,0.729508376,0.729212759,0.733499203,0.726700016
2016/11/29,0.73051229,0.729403549,0.731103618,0.726003411
2016/11/30,0.725280089,0.729486964,0.730298818,0.722992139
2016/12/1,0.730196971,0.72518097,0.73049203,0.723853205
2016/12/2,0.728781616,0.729297646,0.731951514,0.728191868
2016/12/3,0,0,0,0
2016/12/4,0,0,0,0
2016/12/5,0.730700367,0.728273524,0.732097641,0.722096106
2016/12/6,0.726896069,0.729099007,0.730641064,0.725427444
2016/12/7,0.729801571,0.728183874,0.730978077,0.726933837
2016/12/8,0.722422946,0.72895772,0.732922639,0.721248155
2016/12/9,0.726849408,0.728329301,0.729217236,0.724481579
2016/12/10,0,0,0,0
2016/12/11,0,0,0,0
2016/12/12,0.7294679,0.726215307,0.730502816,0.724884701
2016/12/13,0.729304115,0.728565953,0.730928072,0.727089629
2016/12/14,0.722663021,0.728487976,0.731289853,0.720893415
2016/12/15,0.723722223,0.730281865,0.731176361,0.720367862
2016/12/16,0.726200236,0.723964857,0.72798854,0.722474604
2016/12/17,0,0,0,0
2016/12/18,0,0,0,0
2016/12/19,0.725636419,0.725636419,0.72973606,0.724816491
2016/12/20,0.726478957,0.727973924,0.728945652,0.724311256
2016/12/21,0.726117622,0.724402795,0.729398162,0.723508102
2016/12/22,0.726605925,0.725786081,0.729587179,0.725115299
2016/12/23,0.726362755,0.727481383,0.728450861,0.725467852
2016/12/24,0,0,0,0
2016/12/25,0,0,0,0
2016/12/26,0,0,0,0
2016/12/27,0.725425048,0.726170833,0.726991197,0.724306371
2016/12/28,0.72653316,0.726309014,0.727952754,0.723619257
2016/12/29,0.728678013,0.724504343,0.730317669,0.724280754
2016/12/30,0.729528753,0.726185358,0.738295877,0.725739572
2016/12/31,0,0,0,0
2017/1/1,0,0,0,0
2017/1/2,0.72784959,0.729786747,0.732543471,0.727104529
2017/1/3,0.727516208,0.730206837,0.732224809,0.723106566
2017/1/4,0.730672753,0.726048714,0.731493147,0.724855414
2017/1/5,0.736456492,0.728424855,0.737348896,0.727086249
2017/1/6,0.727711327,0.734084359,0.734306674,0.727637222
2017/1/7,0,0,0,0
2017/1/8,0,0,0,0
2017/1/9,0.733283501,0.731497002,0.733953438,0.72978494
2017/1/10,0.730670397,0.732007669,0.735202262,0.730001761
2017/1/11,0.734439296,0.732503033,0.737418161,0.726619774
2017/1/12,0.730254371,0.728482446,0.734684182,0.727596484
2017/1/13,0.733015145,0.732127539,0.736861441,0.731091998
2017/1/14,0,0,0,0
2017/1/15,0,0,0,0
2017/1/16,0.732759683,0.734169121,0.73557856,0.731572787
2017/1/17,0.736649314,0.730082629,0.738567672,0.728828318
2017/1/18,0.733156683,0.737218697,0.738104955,0.732565845
2017/1/19,0.73413329,0.733394577,0.73575846,0.729553268
2017/1/20,0.738759538,0.735946908,0.739499704,0.733430344
2017/1/21,0,0,0,0
2017/1/22,0,0,0,0
2017/1/23,0.739025039,0.733722617,0.739245973,0.733648973
2017/1/24,0.734798943,0.738403061,0.738697275,0.733989855
2017/1/25,0.735148,0.734045829,0.737352342,0.732723224
2017/1/26,0.736507135,0.736948995,0.739084653,0.734445122
2017/1/27,0.737570677,0.738013131,0.7402254,0.735727119
2017/1/28,0,0,0,0
2017/1/29,0,0,0,0
2017/1/30,0.742013427,0.738764165,0.743342671,0.734997974
2017/1/31,0.74303934,0.738481718,0.745538681,0.737379068
2017/2/1,0.738567503,0.74113452,0.742161327,0.736220516
2017/2/2,0.738323899,0.737810818,0.74294163,0.737444331
2017/2/3,0.740862864,0.74064226,0.74233356,0.736230173
2017/2/4,0,0,0,0
2017/2/5,0,0,0,0
2017/2/6,0.742400424,0.74056116,0.743356841,0.738721897
2017/2/7,0.738959163,0.743972054,0.744930401,0.736895031
2017/2/8,0.740356524,0.738000108,0.741608371,0.736232796
2017/2/9,0.734207945,0.739356668,0.740459966,0.733913732
2017/2/10,0.736390463,0.737128699,0.7383837,0.733732813
2017/2/11,0,0,0,0
2017/2/12,0,0,0,0
2017/2/13,0.733884562,0.735803408,0.73676283,0.732777536
2017/2/14,0.733702898,0.733924359,0.73643426,0.732078845
2017/2/15,0.736793991,0.736053271,0.737905071,0.73190524
2017/2/16,0.739581568,0.733239558,0.739802801,0.732428371
2017/2/17,0.735564155,0.739547355,0.740211221,0.734900289
2017/2/18,0,0,0,0
2017/2/19,0,0,0,0
2017/2/20,0.73624377,0.736612926,0.737794223,0.735210135
2017/2/21,0.733617935,0.738728965,0.738951184,0.732803133
2017/2/22,0.733079055,0.733449409,0.735078968,0.730264363
2017/2/23,0.73441841,0.731536309,0.73537911,0.730649509
2017/2/24,0.731929899,0.732814852,0.735764695,0.731413676
2017/2/25,0,0,0,0
2017/2/26,0,0,0,0
2017/2/27,0.732408779,0.733295473,0.735586098,0.731448195
2017/2/28,0.734330937,0.731893507,0.738024011,0.731007169
2017/3/1,0.735009773,0.737234378,0.7376793,0.732043631
2017/3/2,0.732657386,0.735552678,0.736220822,0.731395336
2017/3/3,0.736009162,0.731856365,0.736083319,0.731114794
2017/3/4,0,0,0,0
2017/3/5,0,0,0,0
2017/3/6,0.731599789,0.73374698,0.735375883,0.730785337
2017/3/7,0.731519994,0.732038961,0.733521721,0.728776887
2017/3/8,0.731315991,0.732503312,0.733171181,0.730573915
2017/3/9,0.733454489,0.731078928,0.735681577,0.730410801
2017/3/10,0.733498227,0.732460013,0.735945446,0.730828534
2017/3/11,0,0,0,0
2017/3/12,0,0,0,0
2017/3/13,0.734314147,0.730838191,0.735127669,0.730764235
2017/3/14,0.733447575,0.735596057,0.735966486,0.732632633
2017/3/15,0.740363566,0.733105826,0.741696621,0.732069006
2017/3/16,0.739208784,0.736336211,0.740239964,0.735010408
2017/3/17,0.737148946,0.738694949,0.74046181,0.736707231
2017/3/18,0,0,0,0
2017/3/19,0,0,0,0
2017/3/20,0.736477981,0.736845742,0.738831651,0.736183773
2017/3/21,0.738296779,0.734701059,0.739617656,0.733453564
2017/3/22,0.739481262,0.737575383,0.741900263,0.736915655
2017/3/23,0.737851925,0.739464396,0.73953769,0.737118984
2017/3/24,0.739273416,0.737807621,0.741178948,0.735828799
2017/3/25,0,0,0,0
2017/3/26,0,0,0,0
2017/3/27,0.740312701,0.737174855,0.74374244,0.737028909
2017/3/28,0.73634658,0.74131597,0.743362189,0.735469629
2017/3/29,0.736812852,0.739970412,0.740778159,0.735931673
2017/3/30,0.733714724,0.736946947,0.73826922,0.733347425
2017/3/31,0.733465743,0.734716512,0.736188005,0.733465743
2017/4/1,0,0,0,0
2017/4/2,0,0,0,0
2017/4/3,0.734816316,0.734080248,0.73562599,0.733270574
2017/4/4,0.734730621,0.735025102,0.735393204,0.733331835
2017/4/5,0.731938188,0.73407126,0.734659694,0.72973156
2017/4/6,0.73239394,0.73232034,0.734160341,0.73099554
2017/4/7,0.73042816,0.73330241,0.734850084,0.72983857
2017/4/8,0,0,0,0
2017/4/9,0,0,0,0
2017/4/10,0.732404168,0.732108695,0.733438324,0.730779065
2017/4/11,0.73164431,0.730907211,0.733118507,0.730243822
2017/4/12,0.734242498,0.730928132,0.734905371,0.729823344
2017/4/13,0,0,0,0
2017/4/14,0,0,0,0
2017/4/15,0,0,0,0
2017/4/16,0,0,0,0
2017/4/17,0,0,0,0
2017/4/18,0.736103119,0.729942647,0.736689831,0.72972263
2017/4/19,0.73243374,0.734115815,0.734700884,0.731921804
2017/4/20,0.732147603,0.732293843,0.735657349,0.731782005
2017/4/21,0.73558265,0.73323863,0.73558265,0.732432873
2017/4/22,0,0,0,0
2017/4/23,0,0,0,0
2017/4/24,0.732784582,0.736432817,0.737454323,0.730960464
2017/4/25,0.733234445,0.731704445,0.734691588,0.730684445
2017/4/26,0.733905332,0.733613752,0.734998754,0.731135327
2017/4/27,0.733237406,0.733966343,0.734986854,0.731633746
2017/4/28,0.731002163,0.731875175,0.735439974,0.730492905
2017/4/29,0,0,0,0
2017/4/30,0,0,0,0
2017/5/1,0,0,0,0
2017/5/2,0.734595888,0.731099546,0.73488725,0.730808185
2017/5/3,0.732043578,0.734446586,0.736339865,0.731752305
2017/5/4,0.738715649,0.732376931,0.738861367,0.731648343
2017/5/5,0.736982161,0.737418589,0.737927756,0.734436328
2017/5/6,0,0,0,0
2017/5/7,0,0,0,0
2017/5/8,0.72864214,0.735265497,0.737667374,0.728423787
2017/5/9,0.72457794,0.730635552,0.731511351,0.723191258
2017/5/10,0.723311825,0.724406426,0.726230759,0.722728039
2017/5/11,0.725201118,0.724470289,0.72680894,0.723593295
2017/5/12,0.729908311,0.72464929,0.731150025,0.724064954
2017/5/13,0,0,0,0
2017/5/14,0,0,0,0
2017/5/15,0.730239486,0.726964869,0.730894409,0.726309946
2017/5/16,0.736385414,0.728543802,0.737401919,0.728253372
2017/5/17,0,0,0,0
2017/5/18,0.736903071,0.737480751,0.740008102,0.734881191
2017/5/19,0.741954144,0.736182428,0.741954144,0.735677403
2017/5/20,0,0,0,0
2017/5/21,0,0,0,0
2017/5/22,0.739645115,0.73921308,0.742957389,0.737268919
2017/5/23,0.738489631,0.74043587,0.743102939,0.738129217
2017/5/24,0.741578281,0.739413089,0.741866973,0.73825832
2017/5/25,0,0,0,0
2017/5/26,0.741002388,0.741941006,0.744612456,0.739630563
2017/5/27,0,0,0,0
2017/5/28,0,0,0,0
2017/5/29,0.738650344,0.740455982,0.742333845,0.738650344
2017/5/30,0.741049312,0.738521366,0.741771583,0.736282329
2017/5/31,0.745337858,0.740144369,0.746059176,0.738918128
2017/6/1,0.742657248,0.74561518,0.746192337,0.742296525
2017/6/2,0.750036809,0.742747891,0.750036809,0.742242719
2017/6/3,0,0,0,0
2017/6/4,0,0,0,0
2017/6/5,0,0,0,0
2017/6/6,0.747704553,0.745618404,0.748280042,0.744970979
2017/6/7,0.746402412,0.748851522,0.749211685,0.74445753
2017/6/8,0.74458358,0.746168106,0.747464538,0.742710957
2017/6/9,0.745234902,0.746896921,0.748053108,0.742778004
2017/6/10,0,0,0,0
2017/6/11,0,0,0,0
2017/6/12,0.745032229,0.744599155,0.74654799,0.744310439
2017/6/13,0.744832755,0.744760595,0.746925387,0.743750359
2017/6/14,0.743564963,0.745442288,0.749124733,0.741759844
2017/6/15,0.741075023,0.744254982,0.744905428,0.739629587
2017/6/16,0.742631241,0.741329521,0.743571372,0.74104025
2017/6/17,0,0,0,0
2017/6/18,0,0,0,0
2017/6/19,0.74035034,0.741794644,0.744972114,0.739989264
2017/6/20,0.742535083,0.742100641,0.744562483,0.741159348
2017/6/21,0.744674902,0.742502571,0.744892135,0.742140516
2017/6/22,0.744661996,0.744227791,0.745023834,0.742563337
2017/6/23,0.745953126,0.744289667,0.747544261,0.743783396
2017/6/24,0,0,0,0
2017/6/25,0,0,0,0
2017/6/26,0.743700401,0.745580441,0.746520461,0.742471144
2017/6/27,0.750738435,0.741509227,0.75174788,0.740716091
2017/6/28,0.74875738,0.748110722,0.750122545,0.744805585
2017/6/29,0.750368071,0.747498869,0.750654991,0.746996758
2017/6/30,0.748086539,0.750022172,0.750595694,0.746867807
2017/7/1,0,0,0,0
2017/7/2,0,0,0,0
2017/7/3,0.745591816,0.749183991,0.749830582,0.744945225
2017/7/4,0.744690588,0.746344497,0.747495043,0.744402951
2017/7/5,0.746739337,0.745515528,0.747315247,0.742995922
2017/7/6,0.747738683,0.745009186,0.748169657,0.743500779
2017/7/7,0.7450503,0.747923337,0.748138815,0.743901086
2017/7/8,0,0,0,0
2017/7/9,0,0,0,0
2017/7/10,0.744642689,0.745937094,0.746800031,0.743204461
2017/7/11,0.745580731,0.744215462,0.746802288,0.741053786
2017/7/12,0.743208596,0.74435652,0.747226328,0.742562889
2017/7/13,0.7419022,0.743265595,0.746351173,0.74068232
2017/7/14,0.744611348,0.741741664,0.745185285,0.739517659
2017/7/15,0,0,0,0
2017/7/16,0,0,0,0
2017/7/17,0.743328934,0.742327143,0.745833412,0.740824457
2017/7/18,0.747424477,0.741358299,0.74935138,0.740644631
2017/7/19,0.747139384,0.747639143,0.749423996,0.746711019
2017/7/20,0.752349451,0.748985956,0.75385229,0.743690241
2017/7/21,0.752437978,0.748097264,0.753932323,0.747172193
2017/7/22,0,0,0,0
2017/7/23,0,0,0,0
2017/7/24,0.751035069,0.751888195,0.752741321,0.750253037
2017/7/25,0.745344838,0.750030755,0.750953739,0.745131841
2017/7/26,0.748322547,0.747184089,0.74917639,0.741562954
2017/7/27,0.735486104,0.746343821,0.74776313,0.734492588
2017/7/28,0.731904979,0.734812178,0.736088509,0.728997781
2017/7/29,0,0,0,0
2017/7/30,0,0,0,0
2017/7/31,0.732872807,0.731313654,0.735424149,0.729471019
2017/8/1,0.731438817,0.730661818,0.733416633,0.729319728
2017/8/2,0.726978001,0.730859922,0.731565726,0.726342777
2017/8/3,0.728615362,0.726921728,0.729744451,0.726145479
2017/8/4,0.724961058,0.728276214,0.729404777,0.722351255
2017/8/5,0,0,0,0
2017/8/6,0,0,0,0
2017/8/7,0.727267421,0.727550515,0.729036756,0.72620582
2017/8/8,0.725859649,0.726425401,0.728264094,0.723525922
2017/8/9,0.735555527,0.727687486,0.737469375,0.727049536
2017/8/10,0.736444417,0.735593773,0.737082399,0.732616522
2017/8/11,0.735953443,0.735457899,0.738785122,0.734396019
2017/8/12,0,0,0,0
2017/8/13,0,0,0,0
2017/8/14,0.727824658,0.73539511,0.73574887,0.726904884
2017/8/15,0.729474822,0.730042452,0.731390572,0.727062397
2017/8/16,0.735691584,0.73064676,0.736615284,0.727591444
2017/8/17,0.737828188,0.735554668,0.73974647,0.732499626
2017/8/18,0.734713233,0.736272983,0.739676074,0.733082585
2017/8/19,0,0,0,0
2017/8/20,0,0,0,0
2017/8/21,0.736422237,0.734226076,0.738051646,0.73139232
2017/8/22,0.732037937,0.736786368,0.736998985,0.731400089
2017/8/23,0.733554398,0.731784067,0.734545783,0.730155362
2017/8/24,0.733327444,0.733964627,0.736017774,0.732123875
2017/8/25,0.740192339,0.733535423,0.741537885,0.732968877
2017/8/26,0,0,0,0
2017/8/27,0,0,0,0
2017/8/28,0.737962479,0.738737946,0.740006891,0.735988563
2017/8/29,0.734505766,0.734716307,0.744260811,0.734014505
2017/8/30,0.732240979,0.738520555,0.739720025,0.731394294
2017/8/31,0.738655052,0.734760686,0.739009085,0.731432773
2017/9/1,0.731121561,0.735706058,0.73880941,0.730557315
2017/9/2,0,0,0,0
2017/9/3,0,0,0,0
2017/9/4,0.735944175,0.734744994,0.738624696,0.733404733
2017/9/5,0.738481793,0.736224302,0.739963272,0.733684624
2017/9/6,0.736005512,0.73677981,0.738821141,0.734527306
2017/9/7,0.739272673,0.73477477,0.74032687,0.732596097
2017/9/8,0.74069577,0.735868795,0.742584586,0.735588971
2017/9/9,0,0,0,0
2017/9/10,0,0,0,0
2017/9/11,0.733634227,0.740929882,0.741140334,0.733002872
2017/9/12,0.732073148,0.735095919,0.736431563,0.730807801
2017/9/13,0.728270863,0.731360625,0.732765062,0.726936648
2017/9/14,0.731056293,0.730140888,0.732042113,0.725845527
2017/9/15,0.730621694,0.728096989,0.733356792,0.726974897
2017/9/16,0,0,0,0
2017/9/17,0,0,0,0
2017/9/18,0.730170618,0.730451453,0.732908758,0.728204774
2017/9/19,0.729004091,0.729776044,0.731530482,0.727390008
2017/9/20,0.722556341,0.72802282,0.730475727,0.72115468
2017/9/21,0.724921951,0.725484942,0.726681299,0.721825497
2017/9/22,0.724216233,0.723093091,0.726181732,0.722812305
2017/9/23,0,0,0,0
2017/9/24,0,0,0,0
2017/9/25,0.728861276,0.725550511,0.730410995,0.722803281
2017/9/26,0.729027798,0.730723047,0.731782578,0.726273018
2017/9/27,0.728226126,0.730562226,0.730916181,0.724544999
2017/9/28,0.728539764,0.727055545,0.728822473,0.724299137
2017/9/29,0.729708454,0.728224876,0.730556212,0.726741297
2017/9/30,0,0,0,0
2017/10/1,0,0,0,0
2017/10/2,0.72683426,0.731651955,0.7318645,0.726267472
2017/10/3,0.72775123,0.727113474,0.728530711,0.724066414
2017/10/4,0.725493496,0.72648393,0.728677036,0.724644551
2017/10/5,0.724672739,0.726870435,0.72779205,0.72368023
2017/10/6,0.726469957,0.726185764,0.727180442,0.722278101
2017/10/7,0,0,0,0
2017/10/8,0,0,0,0
2017/10/9,0.723703174,0.724908519,0.72547574,0.72278144
2017/10/10,0.725695807,0.722228319,0.726969578,0.721945258
2017/10/11,0.726117726,0.724845324,0.727602196,0.72364361
2017/10/12,0.724468622,0.725881944,0.727789928,0.723761962
2017/10/13,0.725346075,0.724639247,0.728385432,0.723296276
2017/10/14,0,0,0,0
2017/10/15,0,0,0,0
2017/10/16,0.724412005,0.725189347,0.726390694,0.723281326
2017/10/17,0.723953179,0.72621996,0.726715819,0.72211142
2017/10/18,0.722420994,0.724690082,0.72554099,0.720931905
2017/10/19,0.724212912,0.72018283,0.726192602,0.719829314
2017/10/20,0.718855654,0.724870295,0.725365618,0.71821881
2017/10/21,0,0,0,0
2017/10/22,0,0,0,0
2017/10/23,0.720386404,0.720528324,0.721876565,0.718044723
2017/10/24,0.715648997,0.720046444,0.721039416,0.715507144
2017/10/25,0.715761971,0.714699484,0.71774528,0.712432845
2017/10/26,0.710880796,0.716625717,0.718256991,0.710668021
2017/10/27,0.714834805,0.714906125,0.715405361,0.710484319
2017/10/28,0,0,0,0
2017/10/29,0,0,0,0
2017/10/30,0.716103777,0.713896218,0.716602258,0.712329563
2017/10/31,0.712883338,0.715230455,0.715372704,0.711603093
2017/11/1,0.709572793,0.713630749,0.714129095,0.709216832
2017/11/2,0.712577062,0.70965754,0.715781416,0.709443916
2017/11/3,0.711347638,0.712273038,0.715120421,0.710066315
2017/11/4,0,0,0,0
2017/11/5,0,0,0,0
2017/11/6,0.715144289,0.713574895,0.715429634,0.711220804
2017/11/7,0.713866666,0.715579946,0.715865493,0.712438933
2017/11/8,0.712980579,0.712980579,0.714549293,0.712552748
2017/11/9,0.716311691,0.71196825,0.71773577,0.710757783
2017/11/10,0.714179928,0.715460076,0.716669103,0.713397616
2017/11/11,0,0,0,0
2017/11/12,0,0,0,0
2017/11/13,0.71423451,0.71430567,0.716226994,0.712455506
2017/11/14,0.717322477,0.712283405,0.718316096,0.711715622
2017/11/15,0.715387818,0.714539365,0.718145293,0.713337389
2017/11/16,0.712694745,0.716733277,0.717016683,0.712340487
2017/11/17,0.7159253,0.711820143,0.716703865,0.711607807
2017/11/18,0,0,0,0
2017/11/19,0,0,0,0
2017/11/20,0.712117486,0.715301636,0.71636302,0.711975968
2017/11/21,0.715302027,0.713671022,0.716365726,0.712678237
2017/11/22,0.721302231,0.714502839,0.721939674,0.714148704
2017/11/23,0.718606564,0.718465495,0.720299394,0.717619079
2017/11/24,0.71918008,0.717770752,0.72016661,0.717066088
2017/11/25,0,0,0,0
2017/11/26,0,0,0,0
2017/11/27,0.715963263,0.717579591,0.718844544,0.715682162
2017/11/28,0.715971864,0.718015485,0.71900206,0.715196698
2017/11/29,0.716651507,0.716933765,0.718768438,0.714887398
2017/11/30,0.716757006,0.715770029,0.718237472,0.713302586
2017/12/1,0.721150598,0.716080008,0.723474619,0.713474288
2017/12/2,0,0,0,0
2017/12/3,0,0,0,0
2017/12/4,0.715300173,0.720232306,0.720232306,0.71403191
2017/12/5,0.714395815,0.716088696,0.717146747,0.713337764
2017/12/6,0.713307363,0.715143236,0.716555446,0.712530647
2017/12/7,0.71090531,0.714157263,0.715359072,0.710622531
2017/12/8,0.713135615,0.712002642,0.713631291,0.709665886
2017/12/9,0,0,0,0
2017/12/10,0,0,0,0
2017/12/11,0.712959117,0.711261932,0.714585586,0.711261932
2017/12/12,0.713925628,0.713571674,0.71576619,0.71236823
2017/12/13,0.71888928,0.714638013,0.719810388,0.713575196
2017/12/14,0.713070192,0.71582118,0.717020328,0.712153196
2017/12/15,0.713129933,0.714048187,0.71553152,0.710940251
2017/12/16,0,0,0,0
2017/12/17,0,0,0,0
2017/12/18,0.716986474,0.713523454,0.718399952,0.712675368
2017/12/19,0.717186473,0.716480164,0.718316568,0.714926284
2017/12/20,0.71502207,0.716645516,0.718198377,0.713963301
2017/12/21,0.714143214,0.715202145,0.716472863,0.712378329
2017/12/22,0.713521165,0.714156472,0.714368242,0.71217996
2017/12/23,0,0,0,0
2017/12/24,0,0,0,0
2017/12/25,0,0,0,0
2017/12/26,0,0,0,0
2017/12/27,0.714508907,0.712394767,0.714790792,0.71147864
2017/12/28,0.719016482,0.713317261,0.720142254,0.713317261
2017/12/29,0.720322286,0.716953671,0.720883722,0.716672953
2017/12/30,0,0,0,0
2017/12/31,0,0,0,0
2018/1/1,0,0,0,0
2018/1/2,0.720347887,0.718388137,0.721677717,0.7178982
2018/1/3,0.717296116,0.721290828,0.721781407,0.715333801
2018/1/4,0.718748627,0.716857368,0.719519141,0.716086855
2018/1/5,0.718687534,0.719037977,0.719738862,0.716304525
2018/1/6,0,0,0,0
2018/1/7,0,0,0,0
2018/1/8,0.718774165,0.720249078,0.720740716,0.71779089
2018/1/9,0.714966396,0.719466136,0.720028603,0.71433362
2018/1/10,0.716834682,0.713047842,0.719008608,0.712206322
2018/1/11,0.718338443,0.716375578,0.720441513,0.714062202
2018/1/12,0.720442642,0.714932431,0.720582141,0.71374669
2018/1/13,0,0,0,0
2018/1/14,0,0,0,0
2018/1/15,0.720141931,0.716396611,0.722292023,0.716188537
2018/1/16,0.72397667,0.721267228,0.725157709,0.718696733
2018/1/17,0.719936474,0.724594682,0.726402345,0.719658372
2018/1/18,0.724075665,0.718937914,0.725255959,0.718174195
2018/1/19,0.720216707,0.723199114,0.727499329,0.72007799
2018/1/20,0,0,0,0
2018/1/21,0,0,0,0
2018/1/22,0.721385625,0.722218313,0.723467345,0.719789639
2018/1/23,0.723917675,0.720589955,0.724680277,0.719411388
2018/1/24,0.72935042,0.720042204,0.731556811,0.719559556
2018/1/25,0.730762077,0.727392292,0.740183723,0.726360725
2018/1/26,0.73622516,0.730313361,0.737325029,0.728869783
2018/1/27,0,0,0,0
2018/1/28,0,0,0,0
2018/1/29,0.735106731,0.737311983,0.738414608,0.734210848
2018/1/30,0.73634874,0.733803201,0.738963077,0.732289637
2018/1/31,0.737893201,0.735625087,0.740023854,0.734250472
2018/2/1,0.741766312,0.737712193,0.742316023,0.735444635
2018/2/2,0.737294508,0.741208253,0.74175755,0.735440629
2018/2/3,0,0,0,0
2018/2/4,0,0,0,0
2018/2/5,0.739265853,0.738164116,0.741538187,0.734239176
2018/2/6,0.738825773,0.742422042,0.743321109,0.735851936
2018/2/7,0.732311259,0.738185229,0.740120183,0.730860043
2018/2/8,0.739786661,0.733762001,0.740340653,0.731130541
2018/2/9,0.736741611,0.739789146,0.74089734,0.736118251
2018/2/10,0,0,0,0
2018/2/11,0,0,0,0
2018/2/12,0.737452337,0.736828962,0.739807308,0.73662117
2018/2/13,0.738758725,0.735236551,0.740968716,0.734753115
2018/2/14,0.742668791,0.738045226,0.743358876,0.73611299
2018/2/15,0.74353143,0.737771873,0.74442279,0.737566175
2018/2/16,0.739714378,0.744381346,0.747126621,0.738959427
2018/2/17,0,0,0,0
2018/2/18,0,0,0,0
2018/2/19,0.740138766,0.741239139,0.74247706,0.737869245
2018/2/20,0.736572627,0.741813174,0.742571674,0.735883081
2018/2/21,0.735617714,0.737758948,0.739278534,0.734996065
2018/2/22,0.741181312,0.736203693,0.741457846,0.734682753
2018/2/23,0.736777461,0.739883314,0.740228409,0.736363347
2018/2/24,0,0,0,0
2018/2/25,0,0,0,0
2018/2/26,0.735171329,0.73641259,0.739584701,0.734205903
2018/2/27,0.735588379,0.736348142,0.738213014,0.73344723
2018/2/28,0.733636125,0.73800177,0.738348249,0.732804574
2018/3/1,0.736900042,0.734679,0.737594118,0.73127803
2018/3/2,0.735725913,0.732895667,0.739384523,0.732412454
2018/3/3,0,0,0,0
2018/3/4,0,0,0,0
2018/3/5,0.734426795,0.736636013,0.738638116,0.733805453
2018/3/6,0.731457903,0.731939533,0.735310941,0.730357035
2018/3/7,0.729303112,0.731298564,0.735427084,0.728683834
2018/3/8,0.723268296,0.729322478,0.730285643,0.722649119
2018/3/9,0.726736516,0.726736516,0.728672084,0.724939203
2018/3/10,0,0,0,0
2018/3/11,0,0,0,0
2018/3/12,0.728747877,0.726607142,0.730128997,0.72543319
2018/3/13,0.729661044,0.726836905,0.730487621,0.725528158
2018/3/14,0.72895093,0.72963979,0.731017508,0.726608809
2018/3/15,0.724358128,0.729251509,0.730561005,0.723806761
2018/3/16,0.724551439,0.724965429,0.727518367,0.722619486
2018/3/17,0,0,0,0
2018/3/18,0,0,0,0
2018/3/19,0.724772572,0.723324957,0.726082319,0.72167054
2018/3/20,0.721887808,0.725961589,0.726721107,0.721818761
2018/3/21,0.726362009,0.721188491,0.727396713,0.72091257
2018/3/22,0.725280976,0.724799062,0.727897082,0.723559854
2018/3/23,0.725904763,0.724392032,0.728242621,0.723979469
2018/3/24,0,0,0,0
2018/3/25,0,0,0,0
2018/3/26,0.725282568,0.723773706,0.727202938,0.722744936
2018/3/27,0.726425077,0.727181626,0.729107389,0.723261324
2018/3/28,0.718181975,0.72567091,0.726357968,0.717220094
2018/3/29,0,0,0,0
2018/3/30,0,0,0,0
2018/3/31,0,0,0,0
2018/4/1,0,0,0,0
2018/4/2,0,0,0,0
2018/4/3,0.718997711,0.721548326,0.723271715,0.71823942
2018/4/4,0.718410513,0.719721985,0.722690053,0.717927339
2018/4/5,0.717178576,0.718974977,0.71994227,0.71669493
2018/4/6,0.721081197,0.717968616,0.722326229,0.716723584
2018/4/7,0,0,0,0
2018/4/8,0,0,0,0
2018/4/9,0.721046753,0.718013089,0.721253594,0.717392567
2018/4/10,0.718912688,0.719600775,0.721802651,0.718086985
2018/4/11,0.717912218,0.718462237,0.719631027,0.716399666
2018/4/12,0.71563137,0.719282199,0.719902151,0.714115932
2018/4/13,0.715832024,0.715556465,0.717692043,0.714592011
2018/4/14,0,0,0,0
2018/4/15,0,0,0,0
2018/4/16,0.715982138,0.713988716,0.717838082,0.713370068
2018/4/17,0.711608003,0.715939111,0.71752031,0.7101643
2018/4/18,0.709576155,0.711500989,0.71253215,0.708751227
2018/4/19,0.707726503,0.70958279,0.711164071,0.706832735
2018/4/20,0.708031884,0.710308958,0.71099898,0.706996851
2018/4/21,0,0,0,0
2018/4/22,0,0,0,0
2018/4/23,0.70777413,0.710473973,0.710473973,0.707081863
2018/4/24,0.708012886,0.708636686,0.709745664,0.706488042
2018/4/25,0.705755135,0.708877946,0.709224925,0.704575407
2018/4/26,0.70180624,0.706040679,0.707151352,0.701389738
2018/4/27,0.705930243,0.705163155,0.706557861,0.702931626
2018/4/28,0,0,0,0
2018/4/29,0,0,0,0
2018/4/30,0.703834567,0.70557794,0.706484494,0.702858278
2018/5/1,0,0,0,0
2018/5/2,0.70001287,0.702041488,0.704070105,0.699453252
2018/5/3,0.7014878,0.700158164,0.702957397,0.699668298
2018/5/4,0.700344053,0.702024711,0.702514903,0.698663396
2018/5/5,0,0,0,0
2018/5/6,0,0,0,0
2018/5/7,0.700256397,0.701590486,0.703275652,0.698079725
2018/5/8,0.701590157,0.70095765,0.702714613,0.699552081
2018/5/9,0.698794411,0.701323221,0.702376891,0.698443187
2018/5/10,0,0,0,0
2018/5/11,0.700812542,0.698849089,0.702986365,0.698428349
2018/5/12,0,0,0,0
2018/5/13,0,0,0,0
2018/5/14,0.699672949,0.699182884,0.703173414,0.699182884
2018/5/15,0.701986899,0.70247893,0.704095601,0.699878197
2018/5/16,0.704425259,0.704284205,0.706470547,0.703861042
2018/5/17,0,0,0,0
2018/5/18,0.707117265,0.704576978,0.709234172,0.70422416
2018/5/19,0,0,0,0
2018/5/20,0,0,0,0
2018/5/21,0,0,0,0
2018/5/22,0.710715969,0.707540925,0.711562647,0.706270907
2018/5/23,0.710826524,0.712807922,0.715284669,0.709128182
2018/5/24,0.712563965,0.709525765,0.714824951,0.709313797
2018/5/25,0.715249395,0.713975071,0.715249395,0.712346769
2018/5/26,0,0,0,0
2018/5/27,0,0,0,0
2018/5/28,0.71316682,0.716001628,0.716001628,0.711678545
2018/5/29,0.716876889,0.714958206,0.721424879,0.7117604
2018/5/30,0.716518094,0.714958751,0.717510403,0.71318677
2018/5/31,0.717319895,0.714774201,0.719653447,0.714067064
2018/6/1,0.716726125,0.718496868,0.719771804,0.714459573
2018/6/2,0,0,0,0
2018/6/3,0,0,0,0
2018/6/4,0.71509546,0.714106491,0.718768775,0.713823928
2018/6/5,0.719121641,0.716502019,0.720254451,0.715227609
2018/6/6,0.715804389,0.717004574,0.717922363,0.713968813
2018/6/7,0.718412122,0.714115314,0.719680032,0.713551799
2018/6/8,0.716589808,0.720119807,0.720614007,0.713907009
2018/6/9,0,0,0,0
2018/6/10,0,0,0,0
2018/6/11,0.716129856,0.715212555,0.717258842,0.7145775
2018/6/12,0.71531586,0.71630406,0.718139289,0.714115902
2018/6/13,0.716975146,0.715985825,0.718176464,0.714077848
2018/6/14,0.709032666,0.717444918,0.719565654,0.708820592
2018/6/15,0.712285112,0.712569344,0.714558967,0.711361359
2018/6/16,0,0,0,0
2018/6/17,0,0,0,0
2018/6/18,0.713794728,0.712871319,0.71493123,0.710953471
2018/6/19,0.716356935,0.715787154,0.718279945,0.713864144
2018/6/20,0.713983856,0.715477546,0.715904314,0.712490166
2018/6/21,0.718233343,0.714885766,0.719729069,0.713176365
2018/6/22,0.717866179,0.715171167,0.718504471,0.714603796
2018/6/23,0,0,0,0
2018/6/24,0,0,0,0
2018/6/25,0.717154724,0.715739101,0.718216442,0.715526758
2018/6/26,0.715392243,0.717943419,0.718935543,0.714116655
2018/6/27,0.712539596,0.717158172,0.718437162,0.712255376
2018/6/28,0.713598404,0.713811929,0.714808376,0.712317258
2018/6/29,0.716669485,0.711912515,0.717876477,0.711344519
2018/6/30,0,0,0,0
2018/7/1,0,0,0,0
2018/7/2,0.715099226,0.717017715,0.717799322,0.712967571
2018/7/3,0.714949491,0.714098023,0.715871915,0.712749865
2018/7/4,0.714994782,0.715491701,0.716911468,0.714355887
2018/7/5,0.713089161,0.713514124,0.714789016,0.712097579
2018/7/6,0.715336438,0.712787228,0.716469419,0.711654246
2018/7/7,0,0,0,0
2018/7/8,0,0,0,0
2018/7/9,0.712093196,0.712940422,0.716329325,0.710963562
2018/7/10,0.714262891,0.714617153,0.715042267,0.711216239
2018/7/11,0.711020368,0.713710945,0.714773014,0.710312321
2018/7/12,0.708856376,0.713475027,0.714398757,0.708572151
2018/7/13,0.710013053,0.709444018,0.71029757,0.706385457
2018/7/14,0,0,0,0
2018/7/15,0,0,0,0
2018/7/16,0.711054708,0.707581654,0.71147998,0.707014625
2018/7/17,0.709505886,0.711918689,0.715041139,0.709505886
2018/7/18,0.713503987,0.712577451,0.714074163,0.710154203
2018/7/19,0.714220063,0.714434158,0.71664647,0.710437723
2018/7/20,0.716455177,0.711690661,0.717308523,0.710268418
2018/7/21,0,0,0,0
2018/7/22,0,0,0,0
2018/7/23,0.714477626,0.714123082,0.716250347,0.713201267
2018/7/24,0.713858793,0.714568112,0.715206499,0.712369222
2018/7/25,0.715261584,0.713984585,0.716183861,0.713062307
2018/7/26,0.712807407,0.71450828,0.715713065,0.71224045
2018/7/27,0.715228541,0.715441936,0.716295515,0.712810065
2018/7/28,0,0,0,0
2018/7/29,0,0,0,0
2018/7/30,0.718203592,0.71351873,0.718771454,0.712879885
2018/7/31,0.715668245,0.717085691,0.718290519,0.715384756
2018/8/1,0.715607394,0.716956257,0.717098242,0.714471509
2018/8/2,0.715400883,0.717750195,0.71803496,0.714902545
2018/8/3,0.716787,0.716074276,0.718497539,0.715147734
2018/8/4,0,0,0,0
2018/8/5,0,0,0,0
2018/8/6,0.716554385,0.717696987,0.718553938,0.715054719
2018/8/7,0.71573774,0.714597803,0.717447645,0.714312819
2018/8/8,0.718054194,0.716199679,0.718553487,0.715272421
2018/8/9,0.71783474,0.71783474,0.720901191,0.716622423
2018/8/10,0.719873797,0.721235294,0.721880214,0.718297326
2018/8/11,0,0,0,0
2018/8/12,0,0,0,0
2018/8/13,0.722389112,0.721097338,0.723465591,0.720594981
2018/8/14,0.721768998,0.722486676,0.725070318,0.721266623
2018/8/15,0.72461123,0.724107227,0.725475233,0.721155214
2018/8/16,0.721180642,0.723481058,0.725134483,0.720677426
2018/8/17,0.721090434,0.720228745,0.722957428,0.719438863
2018/8/18,0,0,0,0
2018/8/19,0,0,0,0
2018/8/20,0.72346284,0.720235017,0.723893217,0.719517723
2018/8/21,0.725730312,0.721439858,0.726516895,0.720939305
2018/8/22,0.724357588,0.722791102,0.726066482,0.722292674
2018/8/23,0.723294919,0.725577507,0.726290816,0.722938265
2018/8/24,0.725592615,0.72359472,0.72737645,0.722881186
2018/8/25,0,0,0,0
2018/8/26,0,0,0,0
2018/8/27,0.726983073,0.724276562,0.727837761,0.72335065
2018/8/28,0.72759115,0.724891632,0.729082989,0.724110193
2018/8/29,0.73339633,0.72891225,0.733609858,0.727488732
2018/8/30,0.732955093,0.731889545,0.733452349,0.731037106
2018/8/31,0.734022896,0.733880671,0.736796282,0.732885096
2018/9/1,0,0,0,0
2018/9/2,0,0,0,0
2018/9/3,0.735475877,0.73568974,0.736260042,0.734335272
2018/9/4,0.732955561,0.736597842,0.737169181,0.731098712
2018/9/5,0.734619712,0.73276353,0.73540502,0.731835439
2018/9/6,0.737387471,0.732547476,0.737743353,0.732120417
2018/9/7,0.734370459,0.737360045,0.738356573,0.733801014
2018/9/8,0,0,0,0
2018/9/9,0,0,0,0
2018/9/10,0.731394171,0.735958699,0.736386623,0.731037568
2018/9/11,0.733417563,0.731135883,0.733631471,0.730565463
2018/9/12,0.734229691,0.733089251,0.735156299,0.730950926
2018/9/13,0.737335166,0.733419986,0.737762277,0.732708135
2018/9/14,0.734100433,0.73559193,0.737296497,0.734029409
2018/9/15,0,0,0,0
2018/9/16,0,0,0,0
2018/9/17,0.738173401,0.733981252,0.739452361,0.733412825
2018/9/18,0.736052855,0.737543703,0.7395315,0.735058956
2018/9/19,0.734717405,0.736707161,0.737630977,0.732443398
2018/9/20,0.737830872,0.731745961,0.738043136,0.73040162
2018/9/21,0.739383246,0.73924148,0.742998293,0.738532647
2018/9/22,0,0,0,0
2018/9/23,0,0,0,0
2018/9/24,0.734323541,0.738503482,0.739566179,0.733969309
2018/9/25,0.733979202,0.734191723,0.735254332,0.732420709
2018/9/26,0.734224039,0.734791501,0.737203211,0.731032069
2018/9/27,0.726495945,0.735087228,0.736081261,0.725643917
2018/9/28,0.726638969,0.730278586,0.732990458,0.726567604
2018/9/29,0,0,0,0
2018/9/30,0,0,0,0
2018/10/1,0.725193815,0.727476766,0.72790482,0.723838312
2018/10/2,0.726826596,0.726826596,0.727541695,0.724967339
2018/10/3,0.720390359,0.726609865,0.727110285,0.720175893
2018/10/4,0.722023747,0.721450939,0.723527366,0.720663329
2018/10/5,0.72134285,0.721485931,0.721986715,0.718695852
2018/10/6,0,0,0,0
2018/10/7,0,0,0,0
2018/10/8,0.721133397,0.721133397,0.722565069,0.719630141
2018/10/9,0.722534193,0.721960867,0.723179185,0.719739229
2018/10/10,0.721807663,0.72037834,0.722236459,0.719306349
2018/10/11,0.719768874,0.71927037,0.72261747,0.717632427
2018/10/12,0.718361763,0.719928839,0.720926069,0.717293302
2018/10/13,0,0,0,0
2018/10/14,0,0,0,0
2018/10/15,0.721620558,0.718771681,0.723258663,0.717774574
2018/10/16,0.718495055,0.72112873,0.722054075,0.718210333
2018/10/17,0.717135509,0.720490279,0.720989925,0.716849997
2018/10/18,0.717629935,0.717844281,0.720344983,0.716200963
2018/10/19,0.718140861,0.718784934,0.719357443,0.717210534
2018/10/20,0,0,0,0
2018/10/21,0,0,0,0
2018/10/22,0.718237852,0.718380941,0.719883381,0.716806956
2018/10/23,0.718845463,0.71798714,0.719846839,0.717200344
2018/10/24,0.719715795,0.721798597,0.722444984,0.718853946
2018/10/25,0.717805252,0.71888153,0.720818829,0.716083209
2018/10/26,0.721630991,0.719904084,0.722206626,0.717601542
2018/10/27,0,0,0,0
2018/10/28,0,0,0,0
2018/10/29,0.717378555,0.720612904,0.721116025,0.716947309
2018/10/30,0.715826518,0.718128905,0.7189923,0.715682618
2018/10/31,0.714928254,0.717307503,0.718749472,0.714279368
2018/11/1,0.716587374,0.711991563,0.718095374,0.711417087
2018/11/2,0.714642219,0.7158615,0.719591066,0.713709827
2018/11/3,0,0,0,0
2018/11/4,0,0,0,0
2018/11/5,0.715038211,0.71647504,0.71697793,0.71352954
2018/11/6,0.714735355,0.713230649,0.714950313,0.712155859
2018/11/7,0.713328046,0.713185052,0.718475848,0.711040134
2018/11/8,0.712491812,0.715072265,0.716290812,0.71170334
2018/11/9,0.715032231,0.714672738,0.715895015,0.712803373
2018/11/10,0,0,0,0
2018/11/11,0,0,0,0
2018/11/12,0.71383922,0.71759209,0.718025113,0.713550537
2018/11/13,0.716307294,0.713566139,0.71637943,0.712123425
2018/11/14,0.716256163,0.715319598,0.717480902,0.71287012
2018/11/15,0.715877619,0.716670716,0.718401108,0.715228722
2018/11/16,0.719766879,0.714729015,0.720414605,0.713433564
2018/11/17,0,0,0,0
2018/11/18,0,0,0,0
2018/11/19,0.722541272,0.716439334,0.723330935,0.716439334
2018/11/20,0.721246259,0.722322746,0.724332188,0.720600367
2018/11/21,0.722244433,0.722172575,0.723897167,0.72131028
2018/11/22,0.721844262,0.722275214,0.724501798,0.721485135
2018/11/23,0.721888238,0.722823606,0.724334585,0.720737016
2018/11/24,0,0,0,0
2018/11/25,0,0,0,0
2018/11/26,0.720359626,0.721438654,0.722805424,0.719784144
2018/11/27,0.721554447,0.721842751,0.722635589,0.720473304
2018/11/28,0.726231441,0.722622658,0.727314075,0.72125132
2018/11/29,0.722180538,0.723619001,0.725345157,0.720742075
2018/11/30,0.720923091,0.723299523,0.723731602,0.719770882
2018/12/1,0,0,0,0
2018/12/2,0,0,0,0
2018/12/3,0.72257795,0.722938446,0.723659438,0.720703371
2018/12/4,0.720153303,0.719937795,0.723385911,0.719003931
2018/12/5,0.721518717,0.72166269,0.722166594,0.719215155
2018/12/6,0.724962474,0.721651486,0.727625661,0.720499838
2018/12/7,0.726389274,0.724878361,0.727612393,0.723511345
2018/12/8,0,0,0,0
2018/12/9,0,0,0,0
2018/12/10,0.72576257,0.725475026,0.728494244,0.724181075
2018/12/11,0.725033995,0.727194835,0.730364068,0.724673855
2018/12/12,0.72598906,0.72591693,0.727648051,0.723608768
2018/12/13,0.724563874,0.725068144,0.726869108,0.723627372
2018/12/14,0.7243097,0.727056583,0.72792402,0.72351455
2018/12/15,0,0,0,0
2018/12/16,0,0,0,0
2018/12/17,0.726296786,0.724133256,0.72737855,0.721753374
2018/12/18,0.724922118,0.724706238,0.727008949,0.724058601
2018/12/19,0.723184975,0.724623577,0.726206038,0.722393744
2018/12/20,0.726446703,0.721638174,0.729461004,0.720848714
2018/12/21,0.72183558,0.727151646,0.728588421,0.72126087
2018/12/22,0,0,0,0
2018/12/23,0,0,0,0
2018/12/24,0,0,0,0
2018/12/25,0,0,0,0
2018/12/26,0,0,0,0
2018/12/27,0.728093828,0.722197167,0.730826427,0.722125256
2018/12/28,0.728209901,0.725629121,0.732296135,0.724983927
2018/12/29,0,0,0,0
2018/12/30,0,0,0,0
2018/12/31,0.729535741,0.727745557,0.7301086,0.725167692
2019/1/1,0,0,0,0
2019/1/2,0.724755177,0.731070501,0.732649332,0.723391642
2019/1/3,0.728182995,0.725596454,0.729763658,0.725309061
2019/1/4,0.726678378,0.726535006,0.727610292,0.723452519
2019/1/5,0,0,0,0
2019/1/6,0,0,0,0
2019/1/7,0.730381727,0.725014957,0.731168854,0.724800286
2019/1/8,0.729710385,0.73085604,0.731572074,0.72813511
2019/1/9,0.734600734,0.729303993,0.735388088,0.728373485
2019/1/10,0.724854089,0.732346674,0.73455877,0.724354583
2019/1/11,0.724776278,0.724704941,0.726987701,0.723848906
2019/1/12,0,0,0,0
2019/1/13,0,0,0,0
2019/1/14,0.728391069,0.725176003,0.729105528,0.724747327
2019/1/15,0.724626325,0.729708157,0.730423908,0.723409548
2019/1/16,0.72355776,0.725349099,0.725922328,0.723056185
2019/1/17,0.720070856,0.722934815,0.723579206,0.719211669
2019/1/18,0.719140994,0.720215087,0.721002755,0.718926176
2019/1/19,0,0,0,0
2019/1/20,0,0,0,0
2019/1/21,0.7195183,0.721312073,0.721599077,0.718298534
2019/1/22,0.719374629,0.719302892,0.720235468,0.71829858
2019/1/23,0.720228001,0.71836528,0.720872789,0.717075705
2019/1/24,0.719623786,0.720699456,0.72191855,0.718691538
2019/1/25,0.721311912,0.71894719,0.722315128,0.718230608
2019/1/26,0,0,0,0
2019/1/27,0,0,0,0
2019/1/28,0.720363612,0.719005918,0.721506933,0.718791546
2019/1/29,0.718222569,0.720508537,0.721222902,0.717365331
2019/1/30,0.718708181,0.718493769,0.719708769,0.715134651
2019/1/31,0.716793703,0.716864983,0.719573631,0.716152181
2019/2/1,0.716730916,0.71780141,0.719442833,0.716231353
2019/2/2,0,0,0,0
2019/2/3,0,0,0,0
2019/2/4,0.716212338,0.718070588,0.718713828,0.7150688
2019/2/5,0.715582393,0.716941864,0.71737117,0.714008269
2019/2/6,0.714457049,0.716176043,0.717250415,0.714242175
2019/2/7,0.715815386,0.715600147,0.717537304,0.715169667
2019/2/8,0.717155591,0.715792723,0.71772943,0.715075424
2019/2/9,0,0,0,0
2019/2/10,0,0,0,0
2019/2/11,0.715869836,0.718457057,0.719535066,0.711485932
2019/2/12,0.714550074,0.716348137,0.716563904,0.712536244
2019/2/13,0.712473302,0.714270843,0.715996482,0.712257597
2019/2/14,0.717051643,0.713953138,0.717483992,0.71344873
2019/2/15,0.716596813,0.717029105,0.7173173,0.714003058
2019/2/16,0,0,0,0
2019/2/17,0,0,0,0
2019/2/18,0.715290883,0.713925962,0.716799481,0.713925962
2019/2/19,0.718172334,0.715871421,0.719035176,0.714577158
2019/2/20,0.716766569,0.716623087,0.718847064,0.715833933
2019/2/21,0.716248118,0.716248118,0.717466959,0.715244367
2019/2/22,0.71791884,0.717344218,0.719283568,0.716482284
2019/2/23,0,0,0,0
2019/2/24,0,0,0,0
2019/2/25,0.716413051,0.716341352,0.718277216,0.71591116
2019/2/26,0.71635471,0.715638499,0.717214164,0.714707424
2019/2/27,0.713707343,0.714779512,0.717567152,0.713349953
2019/2/28,0.715614585,0.713257065,0.719829546,0.713114185
2019/3/1,0.716710447,0.717140044,0.718715232,0.715278459
2019/3/2,0,0,0,0
2019/3/3,0,0,0,0
2019/3/4,0.717859133,0.717930847,0.719078274,0.715635993
2019/3/5,0.714899352,0.718560716,0.719135048,0.713894271
2019/3/6,0.714597089,0.715028002,0.716033465,0.713807082
2019/3/7,0.71102255,0.715480822,0.716631344,0.710231566
2019/3/8,0.714494558,0.712117951,0.715286761,0.711541804
2019/3/9,0,0,0,0
2019/3/10,0,0,0,0
2019/3/11,0.712251992,0.714411422,0.714915289,0.711172277
2019/3/12,0.713272499,0.711331524,0.714422706,0.71075642
2019/3/13,0.715063583,0.712335428,0.716140486,0.711832874
2019/3/14,0.714923753,0.714995525,0.71578502,0.713990713
2019/3/15,0.71607781,0.714642928,0.716723507,0.713638511
2019/3/16,0,0,0,0
2019/3/17,0,0,0,0
2019/3/18,0.715650881,0.714791068,0.716725647,0.714647766